name,company_category,category_detail,detail,places,images_path,activity_day,hp_link,twitter_link,instagram_link,number,keywords
男子ラクロス部,athletic,ラクロス,"男子ラクロス部は週５日、平日は基本朝練、休日は午前練で場所は大学のすぐそばのセキショーフィールドで活動しているので放課後にバイトや勉強、もちろん友達と遊んだりと充実した大学生活を送れること間違いなしです！！

またラクロスは大学から始める人がほとんどで高校までの様々な運動部に入っていた人はもちろん、文化部だった人も大歓迎！

プレイヤー34人、チームスタッフ6人所属しており、ラクロスというスポーツを楽しんで日々活動しています！

毎週水曜日18時過ぎからと、毎週金曜日18時過ぎから体験会、4月16日と5月1日には新歓試合を行い、日々の練習では見学も可能です。体験会では景品もあるので少しでも興味があったら是非来てください。",daini,boy_lacrosse.png,"tue,thu,fri,sat,sun",,https://twitter.com/https://twitter.com/tkb_menslax,https://www.instagram.com/https://www.instagram.com/tsukuba_mens_lax_shinkan/,40,初心者歓迎 雰囲気重視
男子ソフトボール部,athletic,ソフトボール,"男子ソフトボール部です！！
部の特徴　
高校野球を経験した人から大学からソフトボールを始めた人まで在籍しています。経験や実力関係なしに全員が試合や練習に積極的に参加できる雰囲気があります。現在プレーしている人数は16人で、日々楽しく活動しています。

部員内訳　
修士1年 1人(マネージャー)、４年生5人、３年生5人、２年生6人

活動内容
関東Ⅱ部リーグ優勝、インカレ出場を目標に日々練習に励んでいます。

活動時間、活動場所
月曜、木曜の朝(６：１５〜８：００)と土曜の午前(８：００〜１２：００)に春日グラウンドにて活動しています。

新入生へ　
人数も少なく平日は朝早くからの活動になりますが、とても楽しい部です！！経験者はもちろんのこと初心者も活躍しています！！マネージャーもチームに欠かせない存在として活躍しています！！是非一度体験に来てみてください！！
興味を持った方はtwitterやInstagramにて連絡をお願い致します！！メールは : s2011647@s.tsukuba.ac.jp まで！！",kasuga,boy_softball.png,"mon,thu,sat",https://tsukuba-softball.jimdofree.com,https://twitter.com/ITF_softboy22,https://www.instagram.com/tsukuba_softball/,18,初心者歓迎 結果重視
軟式庭球部,athletic,テニス,"こんにちは！体育会軟式庭球部です。

私たちは火・水・土・日の週4日で活動しています。部員の所属学類は多岐に渡っており、「多様性」を大切にしています。

 活動日程

　火・水曜日　18:15~21:00

　土・日曜日，長期休業中の火・水曜日　9:00~13:00 または 9:00~17:00

活動場所

平日夜練：体芸クレイコート

休日練習：3学オムニコート

是非一度体験に来てみてください！まずは話を聞くだけでも大歓迎です！

お待ちしてます！","taigei,daisan",soft_tennis.png,"tue,wed,sat,sun",https://tsukunan.jimdofree.com/,https://twitter.com/tsukunan,https://www.instagram.com/tsukuba_softtennis/,20,楽しい 気軽に
医学剣道部,athletic,剣道,"皆さんこんにちは、医学剣道部です

私たちは医学群の生徒を中心に活動をしている剣道サークルです。部名に「医学」とついていますが、医学群以外の入部も可能です。もちろん、剣道の未経験者・マネージャーの入部も大歓迎です。

【活動日時】
火曜日・木曜日（正規練）：19:15~20:30
土曜日（自主練）：7:00~9:00
日曜日（自主練）：11:00~13:00

【活動場所】
火曜日・木曜日：武道館2階剣道場
土曜日・日曜日：武道館1階古武道場

近年では大学内外・国籍問わず様々な方々と剣道を通じて交流しており、多様性はますます増しています。筑波大学には剣道部・剣道同好会・医学剣道部の3つの剣道団体がありますが、互いに交流を図る努力をしています。

部員は愉快で個性的な人が多く、とても仲が良いです。剣道だけでなく、夏は海、冬はスキー、誕生日の人には部員たちからステキなサービスが受けられます。
現在は新型コロナウイルスの感染拡大対策に伴い活動自粛中ですが、活動再開の目処がたったらお知らせします。剣道に興味がある方、入部に悩んでいる方、新しいスポーツを始めたい方、部外者だけど剣道で交流したい方などなど、少しでも関心があれば、TwitterやInstagramまでご連絡ください！お待ちしています！",daisan,medical_kendo.png,"tue,thu",https://med-kendo1318.webu.jp,https://twitter.com/tsukubamedkendo,https://www.instagram.com/tsukubamedkendo/,31,自分磨き 武士道
女子ソフトボール部,athletic,ソフトボール,"こんにちは！女子ソフトボール部です🥎

女子ソフトボール部は、練習は授業期間中は週3日、長期休業中は週5日と決して多くはありませんが、限られた時間の中でいかに質の高い練習ができるか、各々が考えながら日々励んでいます！！

体育会系の部活ですが、体育専門学群の方が少数派であり様々な学群・学類の部員で構成されています。大学からソフトボールを始めた部員もいるのでソフトボール歴は様々です！なので初心者、経験者問わず部員全員が活躍できるのがこの部活の魅力です🤩🤩

皆さんの入部、心よりお待ちしております！！",kasuga,girls_softball.png,"tue,thu,sat",https://tsukuba-softball.jimdofree.com/,https://twitter.com/tkb_softball,https://www.instagram.com/soft_tsukuba/,27,先輩重視 結果重視
軟式野球部,athletic,野球,"こんにちは！！

筑波大学軟式野球部（愛称：なんや）は硬式野球経験者から大学から野球を始めた初心者まで幅広いメンバーが所属する団体です。

月、木、土の週三回練習を行っており、春と秋には他大学とのリーグ戦もあります。

興味がある方は、ぜひ一度、練習に参加しに来て下さい！！

連絡先　筑波大学軟式野球部新歓2022@nanya2022　DMまで",other,baseball_with_softball.png,"mon,thu,sat",http://nanya.iinaa.net/,https://twitter.com/tsukuba_nanya,,,明るい ノリノリ
医学水泳部,athletic,水泳,"こんにちは！

医学水泳部では、夏の大会に向け週4日、筑波大学内屋内プールで練習を行なっています。

“医学”水泳部ですが、医学群問わず全学群から部員を募集しています！

様々な学類の友達を作りたい、大学生活を楽しく過ごしたいという人にぴったりです！

レベルごとにメニューが分かれているので、初心者まで上級者まで誰でも大歓迎です♪",taigei,medical_swimming.png,"mon,wed,thu,sat,sun",https://hungry-kassuikai.ssl-lolipop.jp/,https://twitter.com/tkb_isui_bot_,https://www.instagram.com/tsukuba_medswim/,100,強さ重視
筑波大学水泳部競泳,athletic,水泳,"「一年の振り返りと来年への意気込み」

水泳部では、競泳・水球・飛込・ASのそれぞれの部門が目標達成に向かい練習を積んできました。9月から10月に行われた日本学生選手権では、目標達成のために全力を尽くす熱い戦いが多く見られました。目標に届かず悔しい結果となりましたが、水泳部全体で一丸となって戦い抜くことができました。
競泳では、2021年のシーズンは、「勇進」をスローガンに掲げており、その意味のとおり、勇ましく進んでいくことができたと思います。コロナ禍という厳しい状況、制約の中でも競技を続けられることに感謝の気持ちを持ちながら、来年の日本選手権では、目標を達成して笑顔でシーズンを締めくくれるように全部門が一丸となって高め合い頑張っていきたいと思います。",taigei,tsukuba_swimming_compe.png,"mon,tue,wed,thu,fri,sat",https://tsa.tsukuba.ac.jp/swim/,https://twitter.com/tkbswim/,https://www.instagram.com/tsukuba_1902/?igshid=9gmxy596fb7f,70,ドライブ多め
筑波大学フットサル同好会NINERS,athletic,サッカー・フットサル,"筑波大学フットサル同好会のNinersです！！

現在、新歓ゲーム会を行っています！

新入生だけでなく、多くの学年の人に来ていただいており、来たら絶対楽しめます！！

初心者の人でも、安心して楽しく参加できると思うので気軽にお問い合わせ下さい！

また、水曜日と土曜日に本格的な練習を行っているのでそちらもぜひご連絡ください！

下記のTwitterで主に情報を発信しておりますのでチェックください！！！！

Niners @69ers_rana
(主にゲーム会を開催・軽め・エンジョイ)

Circo de rana @circo_de_rana
(競技フットサル・練習会・ややハード)",other,futsal_niners.png,other,,"https://twitter.com/69ers_rana,https://twitter.com/circo_de_rana",https://www.instagram.com/_circo_de_rana_/,,飲み会多め
筑波大学公認学生団体 WorldFut TSUKUBA,athletic,サッカー・フットサル,"はじめまして！筑波大学公認学生団体 WorldFut TSUKUBAです！！

「幸せと笑顔で溢れる世界を作るために、サッカーを通してすべての人々にキラキラ笑って暮らすキッカケを提供する。」

私たちは上記の理念を掲げ、社会貢献活動やカンボジアへの国際協力活動を行っている団体です。

ここからは私たちの活動を簡単に紹介していきます🇰🇭

 

【国外活動】

国内での主な活動はチャリティーフットサル大会とプロジェクト(PJ)の二つです。

〇チャリティーフットサル大会

フットサルの大会を主催し、多くの方に参加していただいたり、たくさんの企業様にご協賛をいただいております。そこで得た収益の一部をカンボジアへの支援へ充てさせていただいています🛩

〇プロジェクト(PJ)

今年度は三つのPJに分かれて活動を行っています。具体的な活動としては、地元企業様とのコラボ企画や、学内の生徒を対象としたサッカー大会。小学生や高校生へ向けた出張授業などを計画、実行しています。

 

【国内活動】

今までカンボジアの農村部でサッカーを安心安全にプレイすることのできるグラウンドを整備したり、子どもたちと交流を行ったりしてきました。

しかし現在、新型コロナウイルスの感染拡大の影響により、カンボジアへ渡航して活動を行うことができなくなっています。

新入生の皆さんが２年生・３年生となった時、カンボジアへといける日が来るはずです。そのための準備を一緒に行いませんか？？

 

【活動情報】

ミーティング（MTG）
水曜日18:30~21:00
場所：対面 or Zoom
土曜日10:00~12:30
場所：対面 or Zoom
 

MTG体験は常時受け付けています！気になる方はSNSからDMへ！！",daisan,worldfut_tsukuba.png,"wed,sat",https://worldfut-tsukuba.com/,https://twitter.com/WorldFutTS,https://www.instagram.com/worldfutts/,,アットホーム 仲良い
フィールドホッケー部,athletic,ホッケー,"こんにちは！
フィールドホッケー部です！
部員・・・8名( マネージャー1名)

活動場所・・・ゴルフケージ,多目的グラウンド,他外部ホッケー 場等

活動時間・・・月、水　授業後～19：30
土日　9：00～12：00

 

フィールドホッケー は交代が自由なので新入生も即戦力！すぐに試合で輝けちゃいます✨

ポジショニングはサッカー、打ち方は野球やラケット競技、瞬発力は…

とにかくいろんな経験が活かせます✊(過去には帰宅部のエースも？)

 

初心者、経験者、興味本位、珍しいもの好き、だれでもなんでも大歓迎！

マネージャー志望も待ってます☺︎",other,field_hockey.png,"mon,wed,sat,sun",https://tsukuba-field-hockey.jimdofree.com/,https://twitter.com/uthockey2022,https://www.instagram.com/itf_fieldhockeyclub/,12,アットホーム 仲良い
医学ヨット部,athletic,ヨット,"医学ヨット部の紹介ページです!

活動内容
我々医学ヨット部は霞ケ浦で活動しています!
取り組んでいるのは、ヨットに乗って速度を競い合うセーリング競技です。
普段から様々な練習を通じてより良い走りが出来るように努力しています。

随時ツイッター及びインスタグラムで情報を更新しております!
LINEの登録は各種SNSまたは公式サイトよりどうぞ!

活動日
土日と一部の祝日などを利用して活動しています。
活動場所までは車で行きます(先輩が出してくれます)。

詳しくはTwitterか、オンライン新歓でお願いします!",other,medical_yacht.png,"sat,sun",https://tsukubamed470.wixsite.com/utmedsailing,https://twitter.com/utmsailingteam,https://www.instagram.com/tsukuba_med470/,,アットホーム 仲良い
鹿島神流武道部,athletic,鹿島神流武道,"古流武術『鹿島神流』の稽古をしています！『鹿島神流』とは、古来より鹿島神宮に伝わる『鹿島の太刀』を源流とする上級武士の武術です。
当部活動はその保存と普及を目的としています。",taigei,kashima_martial_arts.png,"tue,thu,sat",https://www.stb.tsukuba.ac.jp/~shinryu/,https://twitter.com/notice_kashima,,25,
硬式テニスサークルADVANT,athletic,テニス,"こんにちは！
硬式テニスサークルADVANT（アドバン）です！🎾
ADVANTはアットホームな雰囲気で個性豊かなメンバーがたくさんいます。

初心者にも経験者が分かりやすく丁寧に教えてくれるので、初心者の方も気軽にテニスコートに遊びに来てください。

ラケットの貸し出しもあるので、動きやすい格好で参加してください！

分からないことがあればtwitterやインスタのDMに質問してください。

・活動場所
春日テニスコート（ハードコート、4面、照明付き、駅チカ）

詳しい場所は（36°05’15.3″N 140°06’18.2″E – Google マップ）で確認してください。

・活動日
正規練習

(月)17：00～21：00

(木)17：00～21：00

(土)13：00～17：00

(日)9：00～13：00

正規練習の時間以外にもコートは利用できます！",kasuga,tennis_advant.png,"mon,thu,sat,sun",,https://twitter.com/Advant_2022,https://www.instagram.com/tsukuba_advant_22/,,アットホーム 仲良い
ULISバドミントン部,athletic,バドミントン,"こんにちは、ULIS(ユーリス)バドミントン部です！！！

 

ULISバドミントン部は、春日体育館で活動するバドミントンサークルです。

活動日は不定期で、週２～３回行っています。

未経験者の割合も多く、初心者も経験者も和気あいあいとバドミントンを楽しんでいます！

またバドミントンだけではなく、BBQやスキー合宿など様々なイベントがあります。ここでは伝えきれないので、詳しくはTwitter を見てみてください！(下にリンクがあります)

部費は４か月ごとに２０００円、年間で６０００円です。",kasuga,ulis_badminton.png,other,https://ulisbad2010.wixsite.com/ulisbadnew/cvcvvg,,,,
空手道部,athletic,空手,"空手道部です
新入生の皆さん初めまして！
 

 

新入生の皆さん、在学生の皆さん、空手道部は絶賛部員募集中です！経験者も初心者も関係なく入部することができます！ツイッターやインスタグラムでも情報を投稿しています！見学、体験も受け付けてますので少しでも興味のある方は是非ご連絡ください！

活動日
月・金　18:30~20:30
木　　　7:00~8:00

部員構成
4年生　1人

3年生　12人

2年生　1人

活動場所
筑波大学武道館　1階　第一多目的道場",taigei,karatedo.png,"mon,thu,fri",http://www.stb.tsukuba.ac.jp/~karatedo/,https://twitter.com/tkbkrt19,https://www.instagram.com/tsukuba.karate.1952/,14,
筑波大学 チェスサークル,culture,ボード・カードゲーム,"サークルのメンバーと仲良くチェスを指すサークルです。

活動日時は火曜・金曜の18時半〜20時半　サークルメンバーの希望に合わせています。たまに来るだけでもok。

活動場所はteamsや2学など。詳しくはサークル公式Twitter（@chesscr）まで。

未経験者・経験者ともに大歓迎。ゆったりできるサークルです。",daini,chess_circle.png,"tue,fri",https://tsukubacaferegence.blogspot.com/,https://twitter.com/chesscr,,,まじめ
マジシャンズクラブ,culture,マジック,"我々筑波大学マジシャンズクラブは手品というエンターテイメント性の高い芸術を通して人々の心に幸せと驚きをもたらす事の出来る自分を発見し、楽しい仲間とその力を高め、精神的、社会的視野をひろげて行こうというサークルです。

主な活動としては、

ステージで観客を魅了するステージマジック

数メートルの距離をおいてそこに不思議な世界をきずいてしまうサロンマジック

テーブルでマジシャンと向かい合い、目の前で不思議な現象が次々起こるテーブルマジック（クロースアップ）

これら３種類のマジックを主に行なっています。

私たちは毎週火曜日、金曜日の18:30から21:00まで(祝日は除く)
文化系サークル会館２階奥マジシャンズブースにて活動を行っています😊

ぜひお気軽にお越しください〜🎩

ステージマジックは年に新歓マジックショー・学外マジックショー・学園祭マジックショー・ウインターマジックショーなど何回か催されます。どのショーも入場は無料。小さなお子様からおじいちゃんおばあちゃんまで多くのお客様がご来場下さり、我々とともに楽しい、しかし不思議なひとときを過ごしています。またサロンやテーブルマジックはなかなかお見せする機会が無いのですが、その数少ない催しとして学園祭サロン・テーブルマジックショーなどがあります。ステージでは味わえない不思議の世界が皆さんの目の前で起こる。そんな体験をしてみたいとは思いませんか？

また地域の皆さんとよりコミニュケーションを深めようという考えから、我々はご依頼を受けたさまざまな場所へ出かけ出張でマジックショーを行なっています（通称：巡業)
今までに多くの保育所・幼稚園・子供会・小学校などなどへ出張し、保育所のホールや地域の公民館などへ不思議の世界をデリバリー、そこで皆さんと楽しい時間を共有しています。

無論、大学生のサークルですから大学生らしくコンパや旅行なども企画し、大学時代でしか味わえない仲間との貴重な時間を楽しめます！",daiiti,magicians.png,"tue,fri",https://www.stb.tsukuba.ac.jp/~magic/shinkan/2021.html,https://twitter.com/tsukuba_magic,,16,のんびり
斬桐舞,culture,ソーラン,"斬桐舞　
YOSAKOIサークル　筑波大学　kirikirimai
「ユニバーサルソーランをコンセプトに、年齢・性別・国籍・障がい・経験の有無に関わらず、YOSAKOIソーランを楽しむ」

活動日・活動場所
水曜日19:00-21:00@桜総合体育館（クリックすると地図の表示）

日曜日18:30-20:30@吾妻小学校（クリックすると地図の表示）

 

練習内容
・対面練習

準備体操：　アップ、体幹、鳴子練習等で体を温めます。
振り入れ：　踊りを先輩から教わったり、グループ別に練習したりします。
締めの総踊り：　練習の最後にみんなで盛り上がって踊ります！
・オンライン練習

新型コロナウイルスの影響で対面での練習が厳しい期間も多々ありました。

その時期はZOOMを使って、リモートでの振り入れや筋トレ等のオンライン練習を行いました。

 

年間イベント
4月　新歓祭

5月　茨城YOSAKOI祭り

5月　そらら茨城どまんなか祭り

5月　やどかり祭

6月　YOSAKOIソーラン祭り

7月　よさこい祭りIN 光が丘公園

8月　夏旅行、免許合宿

8月　まつりつくば

11月　筑波大学文化祭「雙峰祭」

 

費用
・斬桐舞に入るためのお金

舞費：半年5000円

スポーツ保険：年間1850円

・YOSAKOIソーランを踊るためのお金

衣装代：約35,000円（2年間同じ衣装を着ます）

鳴子：2,530円

足袋：約5,000円

⇒初期費用合計：49,380円
・各祭りに参加するためのお金

交通費(お祭りの開催場所による)

お祭りの開催地に宿泊する場合は宿泊費がかかります。

参加費はお祭りに参加する舞員で割り勘します(～約1,000円)
斬桐舞の舞員は、学年や性別に関わらずみんな仲良しで、とっても楽しいサークルです！
斬桐舞に入ったら必ず大学生活は充実するはずです！
みなさんの入舞を心よりお待ちしております！！",other,kirikirimai.png,"wed,sun",http://thekirikirimai.web.fc2.com/01top/01top.html,https://twitter.com/kiri_kiri_mai,https://www.instagram.com/kirikirimaaai/,78,熱血
インドワークキャンプ団体　namaste!,culture,ボランティア,"コロナ禍でも今できることを全力で！」

 

皆さんこんにちは！インドワークキャンプ団体のnamaste！です。
ハンセン病差別を無くすことを目標に、様々な活動に取り組んでいます。
コロナ禍以前は、インドにあるハンセン病コロニーでワークキャンプを行い、現地の村人たちとの交流を深めてきました。

現在は、国内でもできる活動を考え、温かく居心地の良い雰囲気を大切にして、日々楽しく活動しています。

国際ボランティアや差別問題、社会問題に興味がある方は楽しんで活動できると思います！

 

【活動内容】

・定例会

毎月第四日曜日に開催しています。差別問題について話し合ったり、ハンセン病について一緒に学んだり、メンバーで運営を頑張っています。学年を超えて普段はなかなか触れることのできない話題を話し合うことで考えを深めています。

 

・プロジェクト活動

昨年度はインドへ緊急食糧支援のための募金活動や、ハンセン病をテーマにした学校訪問、写真展などを行いました。今年度は、インドに絵本を送る図書館プロジェクトとハンセン病を伝えていく啓発プロジェクトの二つを中心に活動していく予定です。部員の皆さんにはどちらか選んで所属してもらい、集まったメンバーで週に１回のミーティングで活動をしていきます。

 

・イベント

状況を踏まえつつ、不定期で開催しています。昨年度はインドカレー巡りやハロウィンパーティーなどを行いました。

今年度も様々なイベントを計画していく予定です！

 

渡航が再開した際には、インドでワークキャンプを行う予定です。

その時に向けて今できることを、namaste！に所属する愉快なメンバーと一緒に取り組んでみませんか？

皆さんの入部を待っています。",other,india_workcamp.png,mon,http://namaste.wappiness.org/,https://twitter.com/india_namaste,https://www.instagram.com/namaste_shinkan22/,,ゆるい　雰囲気重視
Tsukuba for 3.11,culture,ボランティア,東日本大震災の復興支援団体として発足して11年目。ボランティアの心はそのままに、防災対策の啓発や東北の町おこしなど多岐にわたる活動に取り組んでいます。…御託はもう良い！「あの日からいま、そしてこれから」の東北に興味があるそこのあなた！まずは知ることから始めないか？ミーティング見学へGO！,other,tsukuba_for_3_11.png,mon,https://tsukubafor311.jimdofree.com/,https://twitter.com/Tsukubafor311,https://www.instagram.com/tsukubafor3.11/,14,
天文研究会,culture,天文,"こんにちは！天文研究会です。

「研究会」と聞くと堅苦しいイメージを抱かれる方も多いかと思いますが、全然そんなことありません！
ここでは、会の概要を説明したいと思います。

【１】会員情報（２０２２/３/３１時点）
１年生・・・３６名
２年生・・・１９名
３年生・・・９名
４年生・・・７名
大学院生・・・８名
所属学類・・・人文、応理、物理、芸術、比文、日日、社学、教育、心理、地球、数学、工シス、社工、メ創、知識、医学、総合…

【２】活動内容
（a）観望
日時・・・毎週金曜＋平日　１８時半から２０時過ぎまで
場所・・・松美池ステージ
内容・・・双眼鏡や望遠鏡を使って天体観測をします。会員とおしゃべりする場としても機能しております。
（b）ミーティング
日時・・・毎週土曜　１１時から
場所・・・オンライン（ZOOM）
内容・・・会の運営、イベントに関わる話し合い、およびお知らせを行っています。
（c）遠征
日時・・・新月付近の土曜
場所・・・首都圏の山奥、高原、海岸線（戦場ヶ原、八方ヶ原、九十九里浜など）
内容・・・普段の観望よりも迫力のある星空を一晩中見ることができます！時期にもよりますが、天の川や流れ星も肉眼で見えます。ついでに温泉に入ったり、観光したりすることもあります。夜は冷えるので防寒対策は必須です。

(以下のイベントはコロナ禍以降なかなかできていませんが…)

（d）雙峰祭
１１月頭に開催される学園祭「雙峰祭」に毎年出店しております。準備は半年前から動き出し、会員総出の一大プロジェクトです。準備を通して交流が深まること間違いなし！
（e）夏合宿
日時・・・夏休み（４泊５日）
場所・・・乗鞍高原（長野県）
内容・・・昼間はレクリエーション、夜は天体観測と充実した５日間を過ごせます。最高の星空が広がっています。当会最大のイベントと言っても過言ではないでしょう！
（f）コンパ
いわゆる「飲み会」です。代替わりコンパ、雙峰祭の決起会、雙峰祭の打ち上げ、追い出しコンパ、などなど
未成年飲酒はダメ、ぜったい。
（g）その他イベント
バーベキューやクリスマスパーティーなどの季節のイベントが盛りだくさん！

【３】Q＆A
Q：入会したいのですが、会費はいくらですか？
A：年間６０００円を徴収しております。高く感じるかもしれませんが、月換算で５００円です。活動に参加すればするほどお得なので、元を取りたい方は、積極的に参加しましょう！合宿やコンパを除いて、基本的には追加徴収はありません。

Q：天文に詳しくないのですが、大丈夫ですか？
A：知識は不要です！星が見たい方なら誰でも歓迎です。詳しくなりたい方は、先輩から色々教わってください。

Q：「兼サー」（サークルの掛け持ち）できますか？
A：できます。会員の多くが「兼サー」しています。無理せず、自分のペースで活動に参加しましょう。

Q：「宅通」でも大丈夫ですか？
A：会員の中にも「宅通」はいるので、問題ありません。ただし、夜に活動するので終電等を考慮する必要はあります。

その他ご不明な点がありましたら、TwitterのDM、公式LINEに遠慮なくどうぞ！

Twitter…@tenmontkb",other,astronomical.png,"fri,sat",http://www.stb.tsukuba.ac.jp/~tenmon/tenmon/,https://twitter.com/tenmontkb,https://www.instagram.com/tenmon_tkb/,79,
Echo UT,culture,ボランティア,"Hello! We are Echo UT, a student organization with goals to raise awareness about environmental sustainability and to encourage our communities to take action. 

In addition to weekly meetings (18:30~19:15 on Mondays), we host international discussions about environmental issues, collect trash around campus, raise awareness through exhibitions and SNS, and educate ourselves about how to make a difference.

Our activities are primarily in English, but we enthusiastically welcome Japanese students of any English ability. Our current members represent diverse nationalities. 

If you are interested in environmental sustainability, want to make friends from diverse backgrounds, and want to make a positive change in your community, Echo is the right place for you!

 

こんにちは！Echo UTです。

私たちは、環境の持続可能性について考え、私たちのコミュニティと共に行動を起こすことを目標とする学生団体です。

毎週月曜日のミーティング（18:30~19:15）に加え、環境問題に関する国際的なディスカッションを主催したり、キャンパス周辺でゴミ拾いをしたり、展示会やSNSを通じて意識を高めたり、アクションを起こせる方法について学んだりしています。

活動は主に英語で行っていますが、英語が不安な方も大歓迎です。現在、様々な国籍を持つメンバーが活動しています。

環境問題に興味がある方、世界中に友達を作りたい方、周りの環境に積極的なアクションを起こしたい方は、ぜひご連絡ください！",other,echo_ut.png,mon,https://linktr.ee/echout,https://twitter.com/EchoUTsukuba,https://www.instagram.com/echoutsukuba/,,
Lilac -謎解き制作委員会-,culture,ゲーム制作・謎解き,"Lilac -謎解き制作委員会- へようこそ！
 

我々は、謎解きや謎解き脱出ゲームを製作するサークルです！

オリジナルの謎解き制作を軸に、twtterでの謎投稿や、外部への謎解きゲームの提供を行っています。

 

当団体では、

・謎解きに興味がある
・イラストを描くのが好き
・シナリオ作りをしたい
・webページ作成が得意
・とにかくワクワクしたい　etc.

といった人を大募集しています！

 

経験の有無は問いません。

あなたの好きなこと・得意なことを活かし、わくわくするような謎解きを作りませんか？？

 

活動日：毎週木曜日　18:30~21:00

活動場所：5C棟講義室　または　ZOOM（ツイッターのDMにてお問い合わせください）

詳しい情報や、活動体験をご希望の方は、公式twitterのDMにてご連絡をお願いいたします！",taigei,lilac_mystery.png,thu,https://lilacmysterytsukub.wixsite.com/lilac--,https://twitter.com/Lilac_tsukuba,,13,初心者歓迎 雰囲気重視
文芸部,culture,文学,"文芸部は、小説を書いたり読んだり、ビブリオバトルをしたり、本に関する様々なことをゆるーくやっていくサークルです。

 

毎週木曜日に春日エリアの教室か、オンラインで活動しています。

小説を書いたことが無くても大歓迎！毎週の参加を強制することはありません。

まずはお気軽に、Twitterで筑波文芸部、もしくは@tsukuba_sakuhinと検索して、DMなどで連絡をください。",kasuga,literature.png,thu,http://bung.huruike.com/,https://twitter.com/tsukuba_sakuhin,,19,初心者歓迎 結果重視
つくっく,culture,料理,"あなたも一緒に料理をしませんか！

こんにちは！筑波大随一ゆるい料理サークルつくっくです！

私たちは毎週木曜につくば駅近くにある吾妻交流センターでゆるく料理を作る活動をしています。

テーマやメニューはメンバーで話し合って決められ、インスタ映えを意識したものや旬な食材を使ったり、季節の行事の料理を作ったり、メンバーの食べたい！作ってみたい！という料理を自由に決められます^_^

Twitter（@tsucook）のDMにて新歓の受付を行います！新歓の詳細やサークルについての情報を投稿していますのでぜひぜひ確認してみてください～(^^)/

みなさんのご参加お待ちしています！",other,tsukuba_cook.png,thu,,https://twitter.com/tsucook,https://www.instagram.com/tsucook_2021/,,楽しい 気軽に
電気通信研究会,culture,電気通信,"電気通信研究会のページにようこそ！！！

筑波大学電気通信研究会の活動
普段の活動では無線通信の他に、電子工作や好きな話題について発表会をしています。
夏には1泊2日でキャンプをします。七輪を囲んで焼肉しながら行う通信は粋なものです。
年に数回コンテストにも出ます。といってもガチで参加しているわけではなく、冷やかし程度なので安心して下さい。

活動日は毎週水曜日 18:30から、場所はdaisan A棟（3A棟）5階の部室（3A501）又はTeamsにて行っています。

キーワード： 電子工作 電気 無線通信 FPGA マイコン 半導体

YouTubeに新歓ビデオを上げたのでよければ見て下さい→こちら

 

💡電子工作・発表について
電子工作や発表会は、主に部長が趣味でやっています。特にコンピュータアーキテクチャやFPGAなど、デジタル回路をメインに取り扱っています。

💡アマチュア無線ってなに?
映画好きの方は、戦争映画で味方を呼ぶシーンを想像するのでしょうか。無線機で連絡し合うことを、交信といいます。別に戦争しているわけでも仕事に使うわけでもないので、アマチュア無線では何でもないおしゃべりがメインです。このおしゃべりは、マイクとスピーカーでお話をするものと、「トン」「ツー」で文字を送りあう「モールス信号」とがあります。アマチュア無線でやることと言えば、基本的にはこれです。

アマチュア無線は理系専門なんじゃないか？と思われる方もいらっしゃるかもしれません。確かに、天気・季節の違いで電波がどう飛ぶかを調べたり、アマチュアの人工衛星で電波を反射させて地球の裏側と交信したり、巨大なパラボナ・アンテナを作り、強力な電波を月に当て、更に地球に跳ね返ってくる電波を利用して超遠距離の交信（EME：Earth Moon Earth）をしたりする人もいます。そのような場合には高度な知識が勿論必要になってきます。 しかし、後述しますが、免許を取るのにも実は専門知識は全然必要ありませんし、数学・物理などの知識より、経験がものを言う趣味です。ちょうど、フルートを演奏するのに、空気の力学や音響工学の知識が必要ないのに似ていますね

💡大会(コンテスト)
体育会系のクラブに大会があるように、アマチュア無線の世界にも大会があります。例えば、24時間の制限時間内でどれだけの無線局（無線の交信をしている場所です）と交信できたかを競います。たくさんの人と交信するためには、例えばアンテナを高性能なものにしたり、ノイズが多いところから声を聞き分ける技術が必要になったりします。その技術を磨き、機器を整備することに生きがいを感じる人もいたりします。

大会には、ひたすら交信するものの他にアンテナを持ち野山を駆け巡って発信器を探す(＝狐を追いかける)FOXテーリングという種目もあります。オリエンテーリングのアマチュア無線バージョンです。

💡おわりに
電気通信研究会は初心者大歓迎です！少しでも電子工作やアマチュア無線に興味を持ったら、ぜひ「daisan A棟（3A棟）5階の部室（3A501）」まで遊びに来てください。いつでも歓迎です。",daisan,telecommunication.png,wed,https://jr1ztt.net/,https://twitter.com/jr1ztt,,10,自分磨き 武士道
TOJO K-ON,culture,軽音,"こんにちは！！
TOJO K-ONです！！
 

TOJO K-ONは主に春日エリアで活動しています。
春日エリア内の福利厚生棟2Fクラブ室2にて練習、ライブを行っています。

 

春日エリア以外の学生もたくさん所属しています！！
ぜひ春日エリア以外の学生の方もぜひ、遊びに来てください！！

 

福利厚生棟は体育館横にあります。
体育館横を抜けた先の階段を上ったところが２Fの入り口です。

最新情報はtwitter(@tojokon)をご覧ください！",kasuga,tojo_k_on.png,mon,https://www.stb.tsukuba.ac.jp/~tojo_k-on/index.html,https://twitter.com/tojokon,https://www.instagram.com/tojok_on/,27,先輩重視 結果重視
将棋部,culture,囲碁・将棋,"こんにちは。筑波大学将棋部です！

 

我々筑波大学将棋部は普段、1学の文化系サークル会館1階の部室に集まって自由対局や部内リーグを行っています。

普段の活動以外にも関東大学将棋連盟等が主催する将棋大会への出場、つくば市小中学生将棋大会開催による将棋の魅力の普及活動等を行っており、年間の活動も盛りだくさんです！

又、部室にはたくさんの棋書を用意しています。自由に貸し出しており、棋力向上のサポートもばっちりです！

今は月・水・金曜日の16:00頃から部室で活動しているほか、オンライン対局サイト『81dojo』を用いたオンラインでの参加も受け付けております。今すぐにでも我々と将棋を指したいそこのあなた！お気軽に将棋部のツイッターにご連絡ください！",daiiti,shogi.png,"mon,wed,fri",https://www.stb.tsukuba.ac.jp/~shogi/,https://twitter.com/tsukubashogi?ref_src=twsrc%5Etfw%7Ctwcamp%5Eembeddedtimeline%7Ctwterm%5Eprofile%3Atsukubashogi%7Ctwgr%5EeyJ0ZndfdHdlZXRfZWRpdF9iYWNrZW5kIjp7ImJ1Y2tldCI6Im9mZiIsInZlcnNpb24iOm51bGx9LCJ0ZndfcmVmc3JjX3Nlc3Npb24iOnsiYnVja2V0Ijoib2ZmIiwidmVyc2lvbiI6bnVsbH0sInRmd190d2VldF9yZXN1bHRfbWlncmF0aW9uXzEzOTc5Ijp7ImJ1Y2tldCI6InR3ZWV0X3Jlc3VsdCIsInZlcnNpb24iOm51bGx9LCJ0Zndfc2Vuc2l0aXZlX21lZGlhX2ludGVyc3RpdGlhbF8xMzk2MyI6eyJidWNrZXQiOiJpbnRlcnN0aXRpYWwiLCJ2ZXJzaW9uIjpudWxsfSwidGZ3X2V4cGVyaW1lbnRzX2Nvb2tpZV9leHBpcmF0aW9uIjp7ImJ1Y2tldCI6MTIwOTYwMCwidmVyc2lvbiI6bnVsbH0sInRmd19kdXBsaWNhdGVfc2NyaWJlc190b19zZXR0aW5ncyI6eyJidWNrZXQiOiJvZmYiLCJ2ZXJzaW9uIjpudWxsfSwidGZ3X3VzZXJfZm9sbG93X2ludGVudF8xNDQwNiI6eyJidWNrZXQiOiJmb2xsb3ciLCJ2ZXJzaW9uIjpudWxsfSwidGZ3X3R3ZWV0X2VkaXRfZnJvbnRlbmQiOnsiYnVja2V0Ijoib2ZmIiwidmVyc2lvbiI6bnVsbH19&ref_url=https%3A%2F%2Fwww.stb.tsukuba.ac.jp%2F~shogi%2Ftwitter.html,,,明るい ノリノリ
茶道同好会,culture,茶道,"こんにちは🌸
筑波大学茶道同好会 です🍃

私たち茶道同好会は
「茶道に触れ、作法の習得を目指す中で、茶道に係わる様々な日本の
伝統文化に対する造詣を深め、これを愛する精神を育む」
という活動目的のもと、週2回お稽古をしたり、季節ごとに茶会や茶事を
開催したりしています。
また、茶会や茶事に際した着物の着付けや懐⽯料理作り等、幅広い活動を
⾏っています。
活動場所は、開学記念館です。
活動日時は、月曜日と水曜日の18:00〜21:00頃です。
月曜日は会員のみの自主稽古、水曜日は外部から先生方をお呼びしての
お稽古をしています。
流派は、裏千家です。

茶道というと堅苦しいイメージをもたれる方も多いと思いますが、
茶道同好会はとても和やかな雰囲気で活動しています😊
茶道経験者の方はもちろん、初心者の方も大歓迎です✨
ぜひ、一度いらしてみてください！
美味しいお抹茶とお菓子をご用意してお待ちしております🍵🍡

さあ、貴⽅も伝統に触れてみませんか？

皆様にお会いできることを楽しみにしています。

日々のお稽古の様子やイベント情報など、Twitterに随時投稿して
おりますので、チェックしていただけると嬉しいです👀

 

開学記念館の場所です👇（Googleマップへリンク）
https://goo.gl/maps/YYyhT2n8Rne9p42P6
かえで通り（ループ）の方からは入れますが、春日4丁目の方からは
入れないのでご注意ください。

 

※茶会への参加はどなたでも可能ですが、入会・見学は学内者のみと
なっております。",taigei,tea_ceremony.png,"mon,wed",https://www.stb.tsukuba.ac.jp/~urasenke/top.html,https://twitter.com/sado_dokokai,,16,アットホーム 仲良い
宇宙工学研究会,culture,宇宙工学,"活動内容
弊会では、会員各自が、自由に、ロボット・機械・実験装置等の製作に取り組んでいます。

分野は、航空宇宙に関連したものが多いですが、工学・ものづくりならば何でもOKです。実際の活動例は、後述の動画内で見る事が出来ます。初心者の方でもやりたいことが決まっていない方でも全然大丈夫です、これから見つけていきましょう！

活動は、個人で進めてもOKですし、複数人で協力してもOKです。

加えて、会員同士で交流する事で、知識や技術の共有を図っています。具体的には、月1回ほどの間隔でミーティングを開いており、各人がそれまでにどの様な活動をし、どの様な成果を得られた・問題を発見したかなどを共有し、対策などを話し合ったりしています。

(勿論それ以外の時でも、オンラインツールなどで交流しています。)

活動環境
弊会では、文化系サークル連合館内にスペースを持っているほか、工作室を保有しています。

文サ館のスペースには、多様な機械・工具・道具などに加え、工作の材料や、工学に関する本や冊子などが多くあります。また、工作室には、旋盤やボール盤などといった工作機械があるほか、電子工作用の器具・部品、実験に用いる薬品、その他工具などが備えてあります。

自分で道具やスペースを用意しなくても、すぐに工作を始められるような環境です。

紹介動画
弊会のより詳細な情報が分かる動画(約3分半)です！是非ご覧下さい。

https://www.youtube.com/watch?v=8gSrnHjyOrI

新歓についてのお知らせ
新歓祭本祭において、番号18でブースに参加します。また、新歓祭期間中(～5/31)は、毎週金曜19時からTeamsの「宇宙工学研究会」でオンライン対応をします。内容は、会の紹介・説明や質問対応などです。どちらもお気軽にご参加下さい。

また、HPやYouTubeにも会の情報が掲載されているほか、Twitterでも質問等受け付けております。

メッセージ
工学や物作りに興味のある方、それらに取り組んでいる方、それらを始めてみたい方などなど、是非一緒に活動・交流しましょう！

初心者の方も大歓迎です。また、新入生の方でも、在学中に新しくサークルに入りたい方でも、皆さん歓迎します。

新しいメンバーの加入、お待ちしています！

各種リンク
HP

https://www.stb.tsukuba.ac.jp/~sec/

YouTube

https://www.youtube.com/channel/UCPh_XFNHHv0PPLUXLS04HEw

Teams

https://teams.microsoft.com/l/team/19%3a73f9e8fedcae41c18a930204fe82e986%40thread.tacv2/conversations?groupId=7fe8c743-3229-4182-bca7-aaebd15c4ba4&tenantId=9e5b5dfd-669d-4ef8-b240-4229cbf4a83d",daiiti,space_engineering.png,other,https://www.stb.tsukuba.ac.jp/~sec/,https://twitter.com/sec_ukouken,,,アットホーム 仲良い
のうりんむら,culture,園芸,"皆さんこんにちは！のうりんむらです

私たちは学外に所有している畑で、自分たちの好きな野菜を育てています！

 

そのほかに…

・農家さんのもとでのお手伝い

・農産物直売所でのイベント・販売補助

・各種季節のイベント

なども定期的に実施しています！

 

経験や知識は必要ありません！

農業に興味がある人、土いじりが好きな人、朝活をしたい人、その他のうりんむらに興味を持ってくれた方など…ぜひ皆さん体験に来てください！

 

畑での活動日

・水曜日&金曜日 朝7:00〜

・土曜日 朝9:00〜

祝日や、長期休業期間は9:00〜活動しております

新歓として、畑活動の体験受け入れを行います。また、5月の中旬頃に農家さんご指導の元、田植えを行います！情報は後ほど発信致しますので、お楽しみに！

【入村希望の場合もインスタグラム、Twitter、公式LINEなどの各種SNSへご連絡をお願いします。皆さんの入村をお待ちしています！！",daini,agriculture.png,"mon,wed",https://nourinmura.tsukuba.ch/,https://twitter.com/nourinmura,https://www.instagram.com/nourinmura/,,初心者歓迎 雰囲気重視
ブロックフレーテ同好会,art,木管楽器,"リコーダーを吹きたい人全員集合！！
概要
私たちブロックフレーテ同好会では、ジャンル問わず好きな曲を好きなように演奏できます！使うのはみなさんご存知リコーダー！毎週水曜18:30から文化系サークル会館で体験できますので、ぜひいらしてください！

懐かしのソプラノ・アルトリコーダーから見たことないような大きさのリコーダーまで！全部演奏体験できます♪18:30~ぜひ文サ館へ！

ブロフレでは実はリコーダー以外の楽器を使ってアンサンブルすることも！テンポ良く楽しい曲です。一緒に演奏してみたいみたい方は、是非活動にお越しください！！

久しぶりにリコーダー吹いてみませんか？懐かしのソプラノリコーダーやアルトリコーダーから、1m越えの大きなリコーダーまで、色々なリコーダーとともにお待ちしています！！

曜日・時間・場所
毎週水曜18:30から文化系サークル会館1階 or 2階

いろいろ紹介！
ハッシュタグで紹介
#音楽 #リコーダー #楽器 #演奏 #J-POP #アニメ #クラシック #自由 #マイナー #メジャー #曲 #わいわい #ピタゴラスイッチ #ゆるゆる #兼サ #兼部 #アンサンブル #なんでも #いつでも #どこでも #楽しく！
箇条書きで紹介
身長ぐらい大きなリコーダー吹いてみませんか？
自分より大きなリコーダー、吹いてみませんか？
リコーダーを吹きたい人、体験したい人、画像をご覧ください！
手のひらサイズのかわいいリコーダー吹いてみませんか？
少し大きめのスマホくらいのリコーダーって知ってますか？
ペットボトルより小さなリコーダー見にきませんか？
腕の長さくらいのリコーダーは低い音が出るんです！
リコーダーって実はとってもたくさん種類があります。
ピタゴラスイッチ吹きませんか？",daiiti,block_frete.png,wed,https://www.stb.tsukuba.ac.jp/~recorder/,https://twitter.com/blockflote_fue,,,初心者歓迎 結果重視
競技ダンスサークル　舞研,art,舞踏,"こんにちは！

競技ダンスサークル　舞研です💃🕺

競技ダンスとは、男女ペアでおどる芸術性の高いダンスです

<活動内容>

💃競技ダンスの練習

💃大会への出場

💃その他お楽しみ🤫

<日時>
月曜日　18:30-

土曜日　17:30-

<場所>
課外活動施設(クラブハウス)

 

未経験者、初心者100%👍👍👍大学から始めるのにおすすめ！

スポーツも芸術もいいとこ取りな競技です〜

大会で成績を出したいあなたも、綺麗なドレスとメイクに憧れるあなたにもピッタリ！

旅行、お花見、BBQ、コストコパーティー、ご飯会などイベントもいっぱいあるよ😉

 

私達と一緒に新しい趣味、見つけてみませんか？

 

部員数27人

男女比10:17",other,compe_dance.png,"mon,sat",https://www.stb.tsukuba.ac.jp/~buken/home.htm,https://twitter.com/tsukuba_buken22,https://www.instagram.com/tsukuba_buken/,27,楽しい 気軽に
焼き物をつくる会,art,陶芸,"焼き物をつくる会の紹介です。
こんにちは！焼き物をつくる会です。

焼き物をつくる会は主に毎週(火)・(木)の18時30分～21時に陶芸活動をしています。

活動場所はtaigeiにあるアート&デザイン実習室2です。

部費は一学期3,000円(年間6,000円)になります。

質問や体験がしたいなどの要望がありましたら、焼き物をつくる会のInstagramまたはTwitterにご連絡ください。

陶芸に興味のある方や新しい趣味を見つけたい方はぜひ体験だけでも来てみてください！初心者大歓迎です！",taigei,pottery.png,"tue,thu",,https://twitter.com/tsukubayakimono,https://www.instagram.com/tsukuba_yakimono/,,自分磨き 武士道
フォルクローレ愛好会,art,大衆音楽,"筑波大学フォルクローレ愛好会は、中南米地方の民俗音楽を演奏するサークルです！

フォルクローレは個性豊かな楽器と、独特のメロディーが魅力の音楽です♪

音楽が好き！異文化に興味がある！新しいことにチャレンジしてみたい！そんな皆さんにピッタリのサークルです。 音楽未経験の方ももちろん大歓迎です👍

アンデスの雰囲気を感じながら一緒に演奏してみませんか⁇

 フォルクローレを実際に聴いてみたい方は、筑波大学フォルクローレ愛好会YouTubeチャンネルをご覧ください↓↓🎥
https://www.youtube.com/user/folktkb

毎週火・金曜 18:30~21:00  2学棟で活動しています。",daini,folclore.png,"tue,fri",https://folklore-tkb.jimdofree.com/,https://twitter.com/Folklore_tkb,,20,先輩重視 結果重視
男声合唱団メンネルコール,art,合唱,"こんにちは。

我々男声合唱団メンネルコールは、その名の通り男声合唱を行うサークルです。

現在は、毎週月曜と木曜の18:30から活動しています。
月曜は文化系サークル会館3階E室、木曜は7A棟教室で活動しています。

兼サーOK！ 未経験者大歓迎！
見学でも体験でも、ぜひ気軽に来てみてください。

 

キーワード：合唱　男声合唱　兼サー可　キツくない　月曜日　木曜日　未経験者歓迎","daiiti,kasuga",boy_chorus.png,"mon,thu",https://www.stb.tsukuba.ac.jp/~maennertsukuba/,https://twitter.com/maenner_tsukuba?ref_src=twsrc%5Etfw%7Ctwcamp%5Eembeddedtimeline%7Ctwterm%5Eprofile%3Amaenner_tsukuba%7Ctwgr%5EeyJ0ZndfdHdlZXRfZWRpdF9iYWNrZW5kIjp7ImJ1Y2tldCI6Im9mZiIsInZlcnNpb24iOm51bGx9LCJ0ZndfcmVmc3JjX3Nlc3Npb24iOnsiYnVja2V0Ijoib2ZmIiwidmVyc2lvbiI6bnVsbH0sInRmd190d2VldF9yZXN1bHRfbWlncmF0aW9uXzEzOTc5Ijp7ImJ1Y2tldCI6InR3ZWV0X3Jlc3VsdCIsInZlcnNpb24iOm51bGx9LCJ0Zndfc2Vuc2l0aXZlX21lZGlhX2ludGVyc3RpdGlhbF8xMzk2MyI6eyJidWNrZXQiOiJpbnRlcnN0aXRpYWwiLCJ2ZXJzaW9uIjpudWxsfSwidGZ3X2V4cGVyaW1lbnRzX2Nvb2tpZV9leHBpcmF0aW9uIjp7ImJ1Y2tldCI6MTIwOTYwMCwidmVyc2lvbiI6bnVsbH0sInRmd19kdXBsaWNhdGVfc2NyaWJlc190b19zZXR0aW5ncyI6eyJidWNrZXQiOiJvZmYiLCJ2ZXJzaW9uIjpudWxsfSwidGZ3X3VzZXJfZm9sbG93X2ludGVudF8xNDQwNiI6eyJidWNrZXQiOiJmb2xsb3ciLCJ2ZXJzaW9uIjpudWxsfSwidGZ3X3R3ZWV0X2VkaXRfZnJvbnRlbmQiOnsiYnVja2V0Ijoib2ZmIiwidmVyc2lvbiI6bnVsbH19&ref_url=https%3A%2F%2Fwww.stb.tsukuba.ac.jp%2F~maennertsukuba%2F,,,明るい ノリノリ
津軽三味線倶楽部無弦塾,art,伝統芸能,"こんにちは！

津軽三味線俱楽部無絃塾です！

 

私達は月・水・土の週３回、開学記念館にて

「明るく，楽しく，元気よく」そして「いつも一生懸命」

をモットーに和気藹々と活動しています。

 

津軽三味線、和太鼓、お箏、民謡、舞踊など 日本の伝統芸能を総合的に学んでおり、 プロの三味線奏者の方からもご指導頂いています。

その中身は、本格的な津軽三味線からポップスまで！

 

夏には炎の夏合宿、秋には学園祭、冬にはクリスマスコンサート、卒業公演などイベント盛り沢山！

 

なんと全員大学から三味線をはじめた初心者です！

活動場所
開学記念館

 

活動時間
月   18:30 ~ 22:00   ※現在はコロナウイルスの影響で21:00まで

水   18:30 ~ 21:00

土   09:00 ~ 12:30

無絃塾は、何にでも挑戦し、全力になれる場所です！

4月は毎日新歓活動しています。

楽しいイベントが盛りだくさん🌟

ぜひ気軽に遊びに来てくださいね！",taigei,shamisen.png,"mon,wed,sat",https://mugenshinkan33.wixsite.com/mugenjuku,https://twitter.com/MGNshinkan2022,https://www.instagram.com/mugenjukushinkan2022/,,初心者歓迎 雰囲気重視
ピアノ愛好会,art,ピアノ,"筑波大学唯一のピアノサークル、ピアノ愛好会です。
ピアノ愛好会では、毎週水曜日と金曜日に内輪コンサートとミーティングを行っている他、年数回のコンサートを開催しております。

2022年にはノバ大ホールでの大規模なサマーコンサートが開催される予定です！

活動参加もコンサート参加も任意！

何を弾いても、初心者でも、兼サでも、新入生に限らず学年の途中からの参加でも大歓迎な、自由なサークルです。",other,piano.png,"wed,fri",https://www.stb.tsukuba.ac.jp/~piano/index.html,https://twitter.com/piano_tsukuba20?s=21,,,初心者歓迎 結果重視
管弦楽団,art,管弦,"こんにちは！筑波大学管弦楽団です♪

管弦楽団は筑波大学の中でも最大規模を誇る課外活動です。

私たちは定期演奏会、アンサンブルコンサート、その他たくさんの本番に向けて練習し、日々活動をしています。

経験者はもちろん、初心者でも大歓迎です！今年も新入生歓迎のためのイベントを企画していますので、気軽に参加していただけると嬉しいです。

弦楽器
場所：体芸エリアC棟3階、dainiD棟4階
日時：月・木（18:30～21:00）、土（9:00～12:00）

木管楽器
場所：第一エリアB棟4階、dainiD棟3階
日時：火・木（18:30～21:00）、土（9:00～12:00）

金管・打楽器
場所：課外活動練習施設
日時：火・木（18:30～21:00）、土（9:00～12:00）

皆さんの入団を心よりお待ちしています！",other,orchestral_music_group.png,other,https://www.tsukuba-orch.org/,https://twitter.com/Tkborch_sinkan,https://www.instagram.com/orchestra.tsukuba/,,楽しい 気軽に
筑波能・狂言研究会,art,伝統芸能,"新入生の皆さん、ご入学おめでとうございます！！

私たちは筑波能・狂言研究会です！！

【活動内容】

能・狂言を実際に演じます。部員のほとんどが大学から始めた初心者です。

上級生や能楽師・狂言師の先生が基礎から指導します。

 

人によって、様々な楽しみ方ができるサークルです。能狂言を観ることが好きな人、着物が好きな人、体を動かすことが好きな人、、、

様々なツボを持っている人が集まっていますが、やるときはやる！　公演に向けては一致団結して取り組みます。

 

【活動日時】

公演前の火・木・金（17：00～21：00）　相談

【部員数】

5人（少人数な分、同期とも先輩後輩とも深い繋がりができます！新入生の皆さんのことを全力で歓迎します！）

【活動場所】

開学記念館（https://goo.gl/maps/TKJLyJXhMhFBJkwJ9）

【連絡先】

Twitter公式アカウント（＠tkb_nokyo）にDM　または　メール（nokyo.tsukuba@gmail.com）　まで！",taigei,noh_kyogen.png,"tue,thu,fri",,https://twitter.com/tkb_nokyo,,5,自分磨き 武士道
The Empire of TSUKUBA,art,オタク,"The Empire of TSUKUBAのページへようこそ！

ちょっとおしゃれな名前のサークルだけど、何してるんだろう…ってなりますよね！？

何をしているかというと…

ヲタ芸・サイリウムダンス！！

現在は４年生３人、３年生２人、２年生４人で活動しています。

練習は週１～２回を予定しています。（テスト一週間前とテスト期間は練習なし）

ヲタ芸自体に興味を持って大学からヲタ芸を始めた人や経験者まで幅広く所属しているので、どんな人でも大歓迎！

また、動画撮影のサポートの方・撮った動画を編集してみたい方も募集中です！

雙峰祭や地域のイベントなどでパフォーマンスをしたり、YouTubeに動画を投稿したりします。
https://youtu.be/ge6_LeDd5fs

【質問・連絡先】

公式Twitter",daiiti,the_empire_of_tsukuba.png,other,,https://twitter.com/Empire_2018_11,,9,先輩重視 結果重視
筑波大学ジャグリングサークルSheep,art,ジャグリング,"こんにちは！筑波大学ジャグリングサークルSheepです。

 

サークル紹介
我々Sheepは、ジャグリングとバルーンアートを日々ゆる〜く習得しています。

メンバーのほとんどは初心者ですので、これから始める人でも大丈夫！大歓迎です！

練習もイベントも自由参加ですので、忙しい方でも気が向いた時にゆったり楽しむことができますよ！

ジャグリングの道具には、ボール、ディアボロ、デビルスティック、シガーボックス、皿回しなど様々なものがあります！

きっとあなたが好きな道具が見つかります。4月中に体験会を開いているので、ぜひお越しください！

習得した技は、学園祭や定期公演、企業や自治会等からの依頼で披露しています。

様々な世代の方と交流できて、観客の皆さんの笑顔を近くで見られるのは私たちパフォーマーの特権ですね！

バルーンアートを持ち帰る子供たちの笑顔もとても可愛くて、練習した甲斐があったと嬉しくなります。

 

皆さんも珍しいかくし芸を身につけてみませんか？

Sheep一同、皆さんにお会いできるのを楽しみにしています！

 

活動時間・場所
月・水・木　18:00-21:00　＠3A202

※現在は月・水・木は2D105で活動中。

日　　　　　17:00-21:00　＠武道館1階　古武道場

武道館の場所はこちらから

ご連絡・ご質問はこちら！
sheep.juggling☆gmail.com

（☆を＠に変えてください）

 

キーワード：ジャグリング　大道芸　パフォーマンス　演技　バルーンアート","daini,daisan",juggling_sheep.png,"mon,wed,thu,fri,sun",https://www.stb.tsukuba.ac.jp/~sheep/%E2%80%8B,https://twitter.com/Sheep_juggling,,21,初心者歓迎 雰囲気重視
筑波大学ジャズ楽団Neopolis BIGBAND,art,ジャズ,"Neoplis BIGBAND
筑波大学Neoplis BIGBAND（ネオポリス　ビッグバンド）は、2015年10月から活動をしている、筑波大学のビッグバンドサークル(サークル名：筑波大学ジャズ楽団Neopolis BIGBAND)です。

大学1年生から大学院生の約40人のメンバーで、ビッグバンド・ジャズの探求、筑波大学及び周辺地域の音楽文化の普及と振興を目的として、主につくば周辺や茨城県内での演奏活動を行っています。

ビッグバンドとは、サックス、トランペット、トロンボーン、ドラム、ベース、ギター、ピアノ、ボーカルで構成されるジャズの大編成の演奏形態のことです。Neopolis BIGBANDには、他の大学ビッグバンドではあまり見られないボーカリストが所属しており、特徴の一つです。

活動について
筑波大学内の教室、または大学近くのスタジオで活動しています。練習日以外にも、教室が使える日は自主練習をすることができます。

また、通常の練習以外に、つくば市内、茨城県内のイベントなどに出演し、演奏活動をしています。春と夏には合宿も行います。

基本的に月・木の18:30~21:00にセクション練習、土の17:00~21:00に合奏練習を行っています。

募集について
Neopolis BIGBANDでは、サックス、トロンボーン、トランペット、リズムの4つのセクションに分かれて練習をしています。

それぞれのセクションの募集人数は以下の通りです。

サックスセクション
アルトサックス:2人まで 団の楽器は1つ

テナーサックス:1人まで 団の楽器はなし

バリトンサックス:募集なし

トロンボーンセクション
テナートロンボーン/テーナーバストロンボーン:人数制限なし 団の楽器は1つ

バストロンボーン:人数制限なし 団の楽器はなし

トランペットセクション
トランペット:人数制限なし 団の楽器は1つ

リズムセクション
ドラム:3人まで

ピアノ:2人まで

ギター:2人まで 団の楽器はなし

ベース:2人まで ウッドベース貸出あり エレキベースの貸出なし

ボーカル:人数制限なし

ここがいいところ！
みんな週3回の活動に積極的に参加し、ジャズを本気で、みんなで楽しめます！そしてジャズを全く知らなくても大丈夫です。先輩方が教えてくれます👍ジャズ未経験から始めた先輩もたくさんいます。

春夏の合宿では朝から晩まで好きなだけ練習ができ、仲間との絆も深まります。サークルの雰囲気は、競い合ってピリピリしているというよりも、みんなで音楽を楽しもうという温かな雰囲気です。でも、大会や年度末のリサイタルに向けて一人一人が本気で練習しています。上手い下手に関わらず、みんなでひとつの音楽を作り上げよう、みんなで楽しもうというのがNeopolis BIGBANDの1番の良さです。

キーワード: NeopolisBIGBAND  ネオポリスビッグバンド ネポビ ネオポリ ジャズ  ビッグバンド  音楽",other,jazz_neopolis_bigband.png,"mon,thu,sat",http://www.stb.tsukuba.ac.jp/~neopolis/,https://twitter.com/NeopolisBIGBAND,https://www.instagram.com/neopolisbigband/,40,初心者歓迎 結果重視
E.L.L.(筑波軽音学協会),art,軽音,"E.L.L.(筑波軽音楽協会)は学内最大規模と言っても

過言ではない筑波大学公認の軽音楽サークルだ。

アツき男女達が好きな音楽をやりたい放題やっている。

音楽をやりたくてウズウズしているフレッシャー達は是非ELLの新歓に参加してみなよ。

ブンサ館3F A室にてキミ達を待ってるぜ～。

活動内容：月１でライブ。毎週水曜19:30~ MT@ブンサ館3F A室（新歓期は18:30~)   合宿やBBQなどイベントもあり。

ツイッターやインスタグラムで新歓情報の告知をしています。",daiiti,e_l_l.png,wed,https://www.stb.tsukuba.ac.jp/~ell/pc/index.html,https://twitter.com/ell_tkbuniv2,https://www.instagram.com/ell_tsukuba/,,楽しい 気軽に
筑波大学混声合唱団『つくこん』,art,合唱,"新入生の皆さん、ご入学おめでとうございます！

筑波大学混声合唱団（つくこん）は、毎年１２月に開催する定期演奏会に向けて活動している合唱サークルです。

「歌や音楽が好き！」

「イベントが好き！」

「大学で新しいことを始めたい！」

そんな方はぜひ一度新歓イベントにお越しください！！

定期演奏会に向けての練習のほか、年２回の合宿や個性豊かな団内アンサンブル大会など、楽しいイベントも充実しています！

ゆかいな団員たちがあなたを待ってます！！

 

【活動日】

月・水・木　１８：１５〜２１：００

土　　　　　１２：００〜１５：００

【活動場所】

体芸エリア５Ｃ棟教室　など",taigei,mixed_chorus_tsukukon.png,"mon,wed,thu,sat",https://www.stb.tsukuba.ac.jp/~konsei/blogwp/,https://twitter.com/Tsukuba_Konsei,https://www.instagram.com/tsukuba.konsei/,,自分磨き 武士道
筑波大学アイドル研究会　Bombs!,art,アイドル,"こんにちは！

筑波大学アイドル研究会の中のアイドルコピーダンスグループ

Bombs!（ぼむず）
です！

Bombs!は、学内外のイベントや公式大会で、アイドルコピーダンスのパフォーマンスをする

女子大生の集まりです！

現在、演者（パフォーマー）と裏方の合わせて35名が活動しています！

 

【活動日時】

毎週月(水)金　18時～20時

（大会練習やイベント前は変更することがあります）

 

【活動場所】

５C棟、中央体育館下、つくば市内の公共施設

 

アイドルが好きな方、踊ることが好きな方、かわいい衣装を作ってみたい方、

映像編集をしてみたい方、その他未経験者も大歓迎です！

学年・学類問わず、演者と裏方の新メンバーを募集しています！

新歓スケジュールは画像をご覧ください！

是非、Bombs!公式TwitterやInstagram、YouTubeチャンネルをチェックしてみてください！",taigei,idol_bombs.png,"mon,fri",,https://twitter.com/bombs_tkb,https://www.instagram.com/bombs_tkb/,35,先輩重視 結果重視
筑波大学写真部,art,写真,"筑波大学写真部です:)

筑波大学写真部では写真に少しでも興味があれば、経験は全く関係ありません。

方針は”心に触れたらシャッターを押そう”
どんな形でも、写真を楽しめれば、オッケーです。

1974年、筑波大学設置2年目に出来た伝統あるサークルで、これまで幾度の廃部の危機を乗り越え、現在は30人以上の部員が在籍しています。

活動は、週に一度のミーティング、随時おこなう遠足、そして年に数回の写真展が主です。
このどれもが強制参加ではないので兼部も歓迎です。
さらに、1年生でなくても何年生でも歓迎します。
(実際、2年、3年生で入部してきた人、修士課程で入部してきた人もいます。)

興味のある方は、ぜひ気軽にご連絡ください！（新歓期間中は別途下記にあるメールアドレスまで参加申請をお願いします）

毎週金曜日18時30分から1C棟1階暗室（新歓期間中は別教室で行います。詳しくは下記スケジュール参照）でおこなっています。

【新歓】⚠️4/5更新。最新のスケジュールに関しては必ず写真部公式サイトもしくはTwitterをチェックしてください！⚠️

Twitter→@tsukuba_photo

公式ホームページ　http://tsukuba-photoclub.com/

新歓展示と新歓本祭を除き、参加には事前申し込みが必要です。

参加にあたっては、2週間分の健康観察記録表の持参と、マスクの着用や消毒への協力をお願いします。なお、2週間以内に体調不良があった方や濃厚接触者に指定された方の参加はご遠慮ください。",daiiti,tsukuba_photo.png,fri,https://tsukuba-photoclub.com/,https://twitter.com/tsukuba_photo,,30,男女仲良く